January,February,March,April,May,June,July,August,September,October,November,December
11.11,9.09,7.75,10.00,9.26,7.94,5.62,4.15,7.41,8.00,6.71,5.13
11.11,4.90,7.69,10.10,9.26,7.94,5.95,4.10,7.35,7.87,6.58,5.24
10.99,5.10,7.69,10.10,9.26,7.94,6.13,4.05,7.35,7.81,6.45,5.26
10.99,5.21,7.63,10.20,9.26,7.94,6.13,4.02,7.30,7.69,6.41,5.35
10.87,5.38,7.52,10.20,9.26,7.94,6.13,3.98,7.30,7.52,6.33,5.46
10.87,5.65,7.46,10.31,9.26,7.94,6.10,3.95,7.25,7.41,6.10,5.59
10.75,6.13,7.41,10.31,9.26,7.94,6.06,9.09,7.19,7.30,5.99,5.62
5.65,6.49,7.41,10.31,9.17,8.00,6.06,2.26,7.09,7.14,6.13,5.65
6.02,6.76,7.35,10.31,9.17,8.00,5.99,2.70,7.04,6.94,6.25,5.68
6.37,6.94,7.30,10.20,9.09,8.00,5.95,3.12,7.04,6.80,6.33,5.71
6.62,7.19,7.25,10.20,9.01,8.00,5.92,3.40,6.99,6.71,6.41,5.78
6.85,7.52,7.19,10.20,9.01,8.00,5.85,3.55,6.94,6.62,6.49,5.85
7.04,7.87,7.09,10.10,4.18,7.94,5.75,3.69,6.90,6.54,6.71,5.85
7.25,8.26,6.99,10.10,4.22,7.94,5.71,3.72,6.85,6.45,6.85,5.88
7.30,8.47,6.94,10.10,4.26,7.94,5.71,3.76,6.80,6.41,6.90,5.88
7.35,8.77,6.85,10.00,4.27,7.87,5.68,3.83,6.76,6.37,6.94,5.88
7.35,8.85,6.80,10.00,4.27,7.87,5.71,3.95,6.67,6.33,6.90,5.88
7.35,8.93,6.71,10.00,4.26,7.81,5.71,4.12,6.58,6.29,6.94,5.88
7.35,9.01,6.62,10.00,4.26,7.81,5.71,4.31,6.54,6.25,7.19,5.88
7.30,9.01,6.54,10.00,8.55,4.98,5.71,4.52,6.49,6.17,7.30,5.88
7.30,9.09,6.45,10.00,8.55,5.43,5.71,4.67,6.45,6.13,7.46,5.88
7.25,9.09,6.37,10.00,8.47,5.68,5.68,4.85,6.41,6.02,7.63,5.92
7.25,9.09,6.33,9.90,8.47,5.85,5.68,4.93,6.37,5.92,7.75,5.92
7.30,9.09,6.25,9.90,8.40,5.99,5.68,5.08,6.33,5.81,7.87,5.95
7.35,9.09,6.13,9.80,8.40,6.02,5.65,5.18,6.25,5.71,7.94,5.99
7.30,9.01,6.02,9.80,8.33,6.10,5.65,5.32,6.21,5.65,7.94,6.02
7.30,8.93,5.99,9.71,8.33,6.13,5.65,5.59,6.13,5.59,7.94,6.10
7.25,8.85,5.92,9.71,8.26,6.13,5.62,5.85,6.10,5.56,7.87,6.21
7.19,8.77,5.88,9.62,8.20,6.17,5.62,5.99,6.06,5.62,7.81,6.29
6.99,8.70,5.78,9.62,8.13,6.17,5.59,6.13,6.02,5.65,7.69,6.33
6.85,8.62,5.71,9.52,3.45,6.17,5.59,6.25,5.99,5.71,7.46,6.29
6.71,8.55,5.65,9.52,3.66,6.17,5.56,6.33,5.95,5.75,7.30,6.29
6.67,8.62,5.59,9.52,3.76,6.21,5.52,6.37,5.92,5.78,7.14,6.29
6.58,8.62,3.72,9.43,3.85,6.25,5.49,6.41,3.51,5.75,6.80,6.21
6.54,8.70,3.97,9.43,3.95,6.29,5.46,6.45,3.77,4.24,5.68,6.06
6.54,8.77,4.27,9.35,4.00,6.33,5.41,6.49,4.03,4.24,5.81,5.99
6.54,8.77,4.57,9.35,4.03,6.37,5.35,6.54,4.24,4.22,6.02,5.92
6.45,8.70,4.83,9.35,4.05,6.41,5.32,6.58,4.39,4.22,6.25,5.88
6.33,8.62,5.03,9.35,4.08,6.41,5.29,6.58,4.57,4.20,6.54,5.85
6.25,8.55,5.18,9.26,4.22,6.41,5.26,6.58,4.69,5.85,7.04,5.81
6.10,8.47,5.29,9.26,4.37,6.41,5.26,6.62,4.85,5.85,7.52,5.75
6.10,8.40,5.49,9.17,4.57,6.45,5.26,6.62,4.95,5.81,8.00,5.71
6.17,8.33,5.62,9.17,4.78,6.45,5.32,6.67,5.03,5.81,8.47,5.75
6.33,8.26,5.81,9.09,4.95,6.45,5.43,6.67,5.15,5.81,8.85,5.99
6.41,8.13,6.02,9.01,5.15,6.49,5.56,6.62,5.21,5.88,9.09,6.25
6.49,8.00,6.25,9.01,5.35,6.54,5.65,6.58,5.29,5.88,9.26,6.37
6.54,7.94,6.41,8.93,12.82,6.58,5.71,6.49,5.38,5.88,9.35,6.49
6.67,7.81,6.67,8.93,12.50,6.67,5.75,6.45,5.49,5.88,9.35,6.58
6.76,4.85,6.85,8.85,12.35,6.76,5.75,6.37,5.62,5.85,9.43,6.71
6.80,5.10,6.94,8.85,12.05,6.85,5.78,6.25,5.78,5.78,9.43,6.76
6.90,5.35,7.09,8.85,11.76,6.94,5.75,5.99,5.95,5.71,9.43,6.80
6.99,5.59,7.19,8.77,11.63,6.99,5.75,5.92,6.06,5.62,9.52,6.80
7.19,5.75,7.25,4.59,11.49,7.09,5.75,5.99,6.21,4.69,9.52,6.85
7.25,5.88,7.25,4.78,11.49,7.19,5.75,6.10,6.33,4.55,9.43,6.90
7.19,5.95,7.30,4.95,11.36,7.25,5.78,6.17,6.41,4.46,9.35,6.94
6.85,6.02,7.30,5.08,11.36,7.30,5.78,6.25,6.45,4.33,9.17,7.04
6.49,6.02,7.35,5.18,11.49,7.30,5.78,6.25,6.54,2.79,9.09,7.14
6.62,6.06,7.41,5.29,11.76,7.35,5.81,6.25,6.58,3.09,9.01,7.19
6.85,6.06,7.46,5.43,12.05,7.41,5.85,6.25,6.67,3.52,8.85,7.25
7.25,6.06,7.46,5.56,12.35,7.46,5.85,6.29,6.76,3.95,8.70,7.25
7.52,6.13,7.46,5.68,12.35,7.46,5.88,6.29,6.80,4.31,8.55,7.30
7.69,6.29,7.41,5.75,12.35,7.52,5.88,6.33,6.85,4.63,8.47,7.30
7.75,6.33,7.35,5.85,12.20,7.52,5.92,6.33,6.90,4.88,8.33,7.30
7.81,6.41,7.30,5.92,12.05,7.52,5.92,6.29,6.94,5.08,8.26,7.25
7.87,6.49,7.19,5.95,11.90,7.58,5.92,6.25,7.04,5.21,8.20,7.25
7.94,6.71,7.14,6.02,11.90,7.58,5.88,6.10,7.09,5.35,8.13,7.19
8.00,6.85,6.99,4.31,11.90,7.58,5.88,5.99,7.19,5.56,8.00,7.14
8.06,6.90,6.94,4.65,11.76,7.58,5.85,5.88,7.25,5.65,7.87,6.99
8.13,6.94,6.90,4.93,11.76,7.63,5.85,5.75,7.30,5.81,7.81,6.85
8.26,6.85,6.85,5.21,11.76,7.63,5.81,5.62,7.30,5.88,7.69,6.76
8.26,6.76,6.85,5.56,11.63,7.58,5.78,5.56,7.35,5.92,7.58,6.80
8.33,6.62,6.80,5.85,11.49,7.58,5.75,5.49,7.35,5.95,7.41,6.90
8.40,6.49,6.80,5.29,11.36,7.58,5.75,5.43,7.41,6.10,7.30,7.04
8.47,6.33,6.76,5.35,11.24,7.58,5.71,5.32,7.46,6.33,7.14,7.25
8.55,4.95,6.76,5.62,11.11,7.52,5.71,5.26,7.52,6.45,6.99,7.30
8.70,5.15,6.71,5.88,11.11,7.52,5.68,5.24,7.58,6.76,4.02,7.35
8.85,5.24,6.71,6.17,10.99,7.46,2.87,5.21,7.58,6.85,4.10,7.41
9.01,5.24,6.71,6.41,10.99,7.46,3.16,5.21,7.52,7.04,4.20,7.46
9.09,5.24,6.71,6.62,10.87,7.41,3.47,5.21,7.46,7.25,4.24,7.52
9.35,5.24,6.76,6.94,10.75,7.41,3.70,5.21,7.41,7.30,4.26,7.58
9.43,5.26,6.76,7.19,10.64,7.35,3.80,5.21,7.35,7.30,4.27,7.69
9.43,5.29,6.80,7.30,10.53,7.35,3.85,5.21,7.35,7.30,4.29,7.75
9.35,5.32,6.85,7.35,10.42,7.30,3.85,5.21,7.35,7.25,5.10,7.75
9.26,5.32,6.85,7.46,10.31,7.30,3.88,5.24,7.35,7.19,5.21,7.81
9.17,5.29,6.90,7.58,10.20,7.25,3.94,5.26,7.35,7.19,5.26,7.81
9.01,5.26,6.90,7.52,10.20,7.19,4.05,3.44,7.35,7.19,5.15,7.87
8.93,5.26,6.90,7.35,10.10,7.14,4.31,3.75,7.35,7.14,5.08,7.87
8.85,5.35,6.90,7.04,10.00,7.09,4.74,4.00,7.35,7.09,5.38,7.94
9.01,5.52,6.90,6.99,9.90,7.04,4.90,4.22,7.35,7.04,5.56,7.94
9.17,5.68,6.90,6.99,9.80,6.99,5.56,4.39,7.35,6.99,5.65,8.00
9.35,6.06,6.85,7.09,9.71,6.94,5.68,4.46,7.35,6.99,5.75,8.00
9.43,6.41,6.80,7.35,9.71,6.90,4.15,4.46,7.41,6.94,5.78,7.94
9.43,6.45,6.76,7.58,9.62,6.90,4.18,4.48,7.41,6.94,5.85,7.94
9.43,6.45,6.71,8.00,9.62,6.85,4.37,8.20,7.46,6.99,5.88,7.94
9.17,6.37,6.62,8.40,9.52,6.80,4.72,8.33,7.46,6.99,5.99,7.94
9.01,6.33,6.54,8.85,9.52,6.80,5.10,8.47,7.52,6.99,6.13,7.94
9.01,6.33,6.45,9.17,9.43,6.76,5.46,8.62,7.58,6.94,6.25,7.94
9.43,6.17,4.90,9.43,9.35,6.71,5.62,8.70,7.58,6.94,6.29,7.94
9.71,5.99,4.98,9.52,9.26,6.67,5.78,8.77,7.58,6.90,6.29,7.87
10.00,5.85,5.03,9.52,9.17,6.62,5.92,8.77,7.63,6.85,6.25,7.87
10.10,5.71,5.03,9.52,9.17,6.58,6.02,8.85,7.63,6.71,6.21,7.87
10.10,5.65,6.10,9.52,9.09,6.54,6.06,3.65,7.69,5.92,6.17,7.81
10.10,5.68,6.06,9.43,9.09,6.49,6.06,3.75,7.69,6.02,6.10,7.81
10.20,5.85,6.06,9.43,9.01,6.49,5.92,8.85,7.69,6.41,6.02,7.81
10.20,6.25,4.69,9.43,9.01,6.45,5.71,8.85,7.69,6.54,5.99,7.75
10.31,6.71,4.63,9.35,8.93,6.45,5.78,8.85,7.69,6.62,5.92,7.69
10.31,7.09,4.61,9.35,8.93,6.45,5.95,8.85,7.75,6.76,5.88,7.69
10.42,7.30,4.61,9.35,8.85,6.41,6.06,8.85,7.81,6.85,3.80,7.63
10.42,7.46,4.57,9.43,8.85,6.41,6.10,8.85,7.87,6.94,4.13,7.52
10.42,7.58,4.57,9.52,8.77,6.41,6.13,8.85,8.00,7.04,4.37,7.46
10.53,7.52,4.57,9.62,8.70,6.41,6.17,8.85,8.06,7.19,4.61,7.46
10.53,7.52,4.55,9.80,8.62,6.41,6.21,8.85,8.13,7.41,4.85,7.41
10.64,7.41,5.65,10.00,8.62,6.37,6.25,8.85,8.06,7.58,5.10,7.35
10.64,7.30,5.62,10.20,8.55,6.37,6.29,8.85,8.00,7.69,5.29,7.30
11.76,7.30,5.56,10.20,8.55,6.37,6.29,8.77,7.94,7.75,5.43,7.25
12.20,7.30,5.52,10.31,4.26,6.37,6.33,8.77,7.94,7.81,5.52,7.14
12.20,5.99,5.49,10.31,4.27,6.33,6.37,8.77,7.94,7.87,5.59,6.99
12.20,5.95,5.41,10.20,4.29,6.33,6.45,8.77,7.94,7.87,5.62,5.18
12.05,5.88,5.35,10.20,4.31,6.33,6.49,8.77,7.94,7.81,5.62,5.38
12.05,5.78,5.29,10.20,4.31,6.29,6.54,8.77,7.87,5.46,5.65,5.65
12.05,5.75,5.26,10.20,4.31,6.25,6.58,8.77,7.87,5.43,5.65,5.95
12.05,5.75,5.24,10.20,4.27,6.21,6.58,8.85,7.87,5.56,5.68,6.17
12.05,5.78,5.21,10.10,4.27,6.13,6.58,8.93,7.87,5.65,5.68,6.37
12.05,5.78,5.21,10.10,4.33,6.06,6.62,9.01,7.81,5.78,5.59,6.54
11.90,5.71,5.21,10.10,4.48,5.99,6.62,9.09,7.81,5.95,5.49,6.76
11.90,5.68,5.21,10.00,4.65,5.95,6.62,9.17,7.81,6.13,5.56,6.85
11.90,5.68,5.24,9.90,4.90,5.95,6.62,9.26,7.87,6.33,6.13,7.04
11.76,5.71,5.24,9.80,5.05,5.95,6.62,9.35,7.87,6.58,6.17,7.30
11.76,5.71,5.26,9.71,5.15,3.01,6.62,9.43,7.87,6.80,5.95,7.41
11.76,5.68,5.26,9.71,5.18,3.12,6.67,9.43,7.87,6.94,5.35,7.63
11.63,5.65,5.26,9.62,5.21,3.28,6.62,9.43,7.94,7.09,5.52,7.81
11.63,5.65,10.42,9.62,5.24,3.44,6.45,9.43,7.94,7.19,5.71,8.00
11.63,5.71,10.42,9.52,5.21,3.62,6.25,9.43,8.00,7.19,5.95,8.20
6.37,5.95,10.42,9.52,5.18,3.77,6.06,9.43,8.06,7.14,6.13,8.40
6.76,6.21,10.53,9.43,5.10,3.95,6.06,9.35,8.06,6.99,6.29,8.47
7.14,6.58,10.53,9.35,5.00,4.13,6.13,9.35,8.00,6.85,6.33,8.62
7.41,6.90,10.75,9.17,4.93,4.37,6.29,9.26,7.94,6.71,6.37,8.70
7.69,7.19,10.99,9.09,4.85,4.61,6.41,9.17,7.94,6.62,6.33,8.77
7.81,7.41,10.99,9.01,4.81,4.88,6.49,9.09,7.94,6.62,6.29,8.85
7.87,7.75,10.99,8.93,4.76,5.15,6.58,9.09,7.94,6.62,6.17,8.85
7.87,7.87,10.87,8.85,4.72,5.41,6.67,9.01,7.94,6.67,6.10,8.85
7.87,8.06,10.75,8.77,4.67,5.52,6.67,8.93,8.13,6.76,6.06,8.85
7.87,8.26,10.53,8.40,4.59,5.62,6.71,8.93,8.26,6.85,5.99,8.93
7.87,8.33,10.42,8.33,4.50,5.68,6.80,8.85,8.40,6.94,5.95,8.93
7.94,8.40,10.31,8.33,4.39,5.71,6.94,8.85,8.47,7.19,5.88,9.01
7.94,8.40,3.51,8.40,4.35,5.75,7.30,8.77,8.55,7.30,5.75,9.09
7.94,8.55,3.72,8.40,4.37,5.78,7.94,4.72,8.62,7.35,5.65,9.17
7.94,8.62,3.83,8.40,4.35,5.78,8.26,4.81,8.70,7.41,5.59,9.35
7.94,8.77,3.97,8.47,4.35,5.75,8.33,4.90,8.70,7.46,5.52,9.52
7.94,8.93,4.00,8.55,4.33,5.78,8.33,5.08,8.62,7.52,5.38,9.71
7.87,9.01,4.08,8.77,4.33,7.87,3.53,5.21,8.55,7.58,5.24,9.90
7.81,9.17,4.20,8.93,4.31,7.81,3.95,5.32,8.55,7.58,5.35,10.10
7.69,9.35,4.24,9.01,4.29,7.75,4.22,5.46,8.47,7.52,5.46,10.31
7.52,9.43,4.27,9.01,4.27,7.69,4.37,5.52,8.40,7.46,5.56,10.42
7.41,9.52,4.33,8.93,4.24,7.58,4.59,5.56,8.33,7.41,5.59,10.64
7.35,9.62,4.44,8.85,8.55,7.46,4.69,5.59,8.26,7.41,5.65,10.75
7.30,9.80,4.50,8.70,8.47,7.41,4.83,5.59,8.20,7.35,5.71,10.87
7.19,10.00,4.52,8.47,8.47,7.30,4.95,5.59,8.00,7.35,5.95,10.87
5.00,10.53,4.55,8.33,8.47,7.19,5.49,5.56,7.94,7.30,6.21,10.87
5.35,10.99,4.57,8.26,8.40,6.99,5.59,5.52,7.81,7.30,6.45,10.87
5.52,5.59,4.59,8.13,8.33,6.85,5.65,5.49,7.75,7.30,6.71,9.17
5.59,5.85,4.67,8.00,8.33,6.71,5.75,5.46,7.69,7.25,6.85,9.01
5.62,5.99,4.78,8.00,8.26,6.54,5.81,5.41,7.58,7.25,6.94,9.09
5.65,6.21,4.81,12.20,8.26,6.45,5.88,5.35,7.46,7.30,7.09,9.09
5.65,6.41,4.83,12.20,8.20,6.37,5.92,5.32,7.41,7.35,7.25,9.17
5.65,6.71,4.90,12.05,8.20,6.37,5.99,5.26,7.35,7.41,7.35,9.26
5.78,6.85,5.10,11.90,8.20,6.33,6.02,5.21,7.35,4.61,7.46,9.26
10.10,6.94,5.24,11.90,8.20,6.37,6.10,7.25,7.35,4.81,7.63,9.26
10.10,6.94,5.46,11.76,8.20,6.49,6.17,7.19,7.41,5.00,7.75,9.26
10.10,6.94,5.62,7.81,8.26,7.35,6.21,7.14,7.41,5.26,7.81,12.50
10.10,12.35,5.85,7.87,8.40,7.52,6.21,7.04,7.46,5.43,7.87,12.66
10.00,12.20,5.99,8.00,8.47,7.63,6.21,6.99,7.46,5.65,7.94,12.66
10.00,11.90,6.17,8.26,8.55,7.75,6.21,6.94,7.46,5.75,8.13,12.82
4.35,11.90,6.37,8.62,8.62,7.81,6.21,6.90,7.46,5.81,8.26,12.82
4.90,11.76,6.45,8.93,8.70,7.87,6.21,6.85,7.46,5.85,8.40,12.99
5.32,11.63,6.67,9.17,8.70,7.94,6.21,6.80,7.46,5.92,8.47,12.99
5.71,11.49,6.80,9.35,8.70,8.00,10.31,6.76,7.46,6.02,8.55,12.99
6.25,11.36,6.94,9.52,8.70,8.06,10.20,6.71,7.46,6.13,8.47,12.99
6.58,11.24,7.19,9.62,3.53,8.13,10.20,6.67,7.46,6.17,8.47,12.66
6.85,11.11,7.30,9.80,3.77,8.26,10.10,6.62,7.46,6.17,8.47,12.50
6.99,11.11,7.46,9.90,4.02,8.33,10.10,6.58,7.46,6.17,8.47,12.05
7.19,10.99,7.69,10.00,4.24,8.40,10.00,6.54,7.46,6.17,8.40,11.49
7.19,10.99,7.81,10.00,4.42,8.47,9.90,6.49,7.46,6.17,8.40,11.63
7.19,10.87,7.94,10.10,4.59,8.55,9.80,2.99,7.52,6.21,8.33,11.76
7.14,10.75,8.13,10.20,4.76,8.62,9.71,3.10,7.63,6.17,8.20,12.05
7.09,10.64,8.26,10.20,4.90,8.77,9.62,3.18,7.75,6.13,8.20,12.35
7.04,4.95,8.40,10.20,5.05,8.85,9.52,3.25,7.87,6.10,8.13,12.35
7.04,5.10,8.47,10.20,5.21,8.85,9.43,3.31,7.94,9.62,8.13,12.35
7.04,5.24,8.55,10.20,5.38,8.93,9.35,3.42,8.13,9.80,8.06,12.35
7.04,5.35,8.62,10.20,5.56,8.93,9.17,3.53,8.33,9.90,8.06,12.35
7.09,5.52,8.62,10.20,5.68,9.01,9.01,3.69,8.47,4.02,8.06,12.35
7.14,5.65,8.70,10.20,5.88,9.01,8.93,3.80,8.85,4.27,8.06,12.35
7.19,5.81,8.77,10.20,5.95,9.01,8.85,3.91,9.01,4.52,8.06,12.35
7.25,5.92,8.77,10.10,6.02,9.01,8.77,3.95,9.26,4.81,8.06,12.35
4.85,5.99,8.77,10.10,6.13,9.09,8.70,3.98,9.43,5.05,8.06,12.35
4.90,6.10,8.70,9.80,6.21,9.09,8.55,4.02,9.52,5.29,8.06,12.35
4.93,6.25,8.70,9.52,6.25,9.09,8.47,4.03,9.43,5.59,8.06,12.35
4.93,6.37,8.62,9.43,6.29,9.09,8.40,4.05,9.43,5.92,8.13,12.35
7.14,6.45,8.47,9.43,6.33,9.09,8.33,4.05,9.43,6.25,8.13,12.35
7.09,6.45,8.47,9.43,6.37,9.01,8.26,4.05,9.35,6.45,8.13,12.35
7.04,6.41,8.40,9.52,6.41,9.01,8.20,4.03,9.17,6.71,8.13,12.35
8.47,6.29,8.40,9.62,6.41,9.01,8.06,4.02,9.09,6.85,8.06,12.35
8.77,5.81,8.40,9.71,6.45,9.01,8.00,4.00,9.01,6.99,8.00,12.35
8.93,5.68,8.40,9.80,6.49,9.01,7.94,3.98,9.01,7.19,7.94,12.35
9.01,5.68,8.40,9.80,6.54,9.01,7.87,3.97,8.93,7.30,7.87,12.20
9.01,5.65,8.47,9.90,6.58,8.93,7.81,3.94,8.93,7.41,7.81,12.20
8.85,5.65,8.47,9.90,6.71,8.93,7.81,3.89,8.85,7.63,7.75,12.05
8.62,5.62,8.40,9.90,6.80,8.93,7.75,3.83,8.85,7.75,7.69,11.90
8.40,5.59,8.40,9.90,6.90,8.85,7.69,3.75,8.85,7.81,7.52,11.90
8.20,5.59,8.33,10.00,6.99,8.77,7.63,2.95,8.85,7.81,7.41,11.76
8.06,5.56,8.26,10.10,7.04,8.77,7.58,3.13,8.85,7.87,7.25,11.76
8.00,5.52,8.20,10.10,7.14,8.62,7.52,3.51,8.93,7.87,6.99,11.76
7.94,5.49,8.13,10.20,7.19,8.62,7.46,3.72,8.93,7.87,6.54,11.63
7.87,5.46,8.00,10.31,7.19,8.55,7.41,3.91,9.01,7.94,6.29,11.63
7.75,5.46,7.94,10.31,7.19,8.47,7.41,4.05,9.01,8.00,6.33,11.49
7.69,5.65,7.87,10.42,7.25,8.47,7.35,4.20,9.01,8.06,6.41,11.24
7.58,5.85,7.81,10.42,7.19,8.40,7.30,4.26,9.01,8.13,6.58,11.11
7.52,6.10,7.75,10.42,7.19,8.33,7.25,4.29,9.01,8.06,6.76,10.99
7.52,6.25,7.69,10.42,7.19,8.33,7.25,4.29,9.01,8.00,6.80,10.75
7.46,6.33,7.63,10.42,7.09,8.26,3.64,4.29,9.01,7.94,6.85,10.64
7.46,6.41,7.52,10.31,6.99,8.20,3.88,4.29,9.01,7.87,6.90,10.42
7.52,6.58,7.41,10.31,6.90,8.13,4.08,4.27,9.01,7.81,6.94,10.31
7.58,6.76,7.35,10.20,6.80,8.06,4.27,4.24,8.93,7.75,6.99,10.20
7.75,6.85,7.30,10.10,6.71,8.00,4.41,4.20,8.93,7.69,7.14,9.80
7.87,6.90,7.25,9.90,6.62,8.00,4.55,4.02,8.85,7.58,7.19,8.93
8.00,6.85,7.14,9.71,6.49,4.55,4.61,3.98,8.85,7.58,7.25,8.85
8.00,6.85,7.09,9.71,6.37,4.63,4.67,4.12,8.70,7.52,7.30,8.93
8.00,6.80,7.14,9.71,6.33,4.81,4.74,4.26,8.55,7.46,7.35,8.93
8.00,6.80,7.25,9.80,6.29,4.88,4.76,4.41,8.40,7.30,7.41,8.93
5.38,6.90,7.30,10.00,6.25,4.95,4.76,4.55,8.33,5.32,7.52,8.85
5.56,6.99,7.35,10.20,6.25,5.10,4.76,4.61,8.20,6.94,7.69,8.70
5.62,6.99,7.41,10.53,6.21,5.18,4.78,4.67,8.00,6.99,7.75,8.55
5.75,6.99,7.41,10.64,6.25,5.21,4.81,4.78,7.87,6.99,7.81,8.40
5.95,4.55,7.41,10.75,6.25,5.24,4.85,4.78,7.75,7.09,7.87,8.40
6.02,5.65,7.41,10.75,6.25,5.26,4.98,4.74,7.63,7.14,7.94,8.33
6.29,6.49,7.41,10.64,6.10,5.29,5.18,4.67,7.46,7.14,8.00,8.33
6.45,7.04,7.46,10.64,5.68,5.43,5.32,4.61,7.35,7.09,8.06,8.26
6.54,7.41,7.46,10.64,5.68,5.59,5.38,4.57,7.25,7.09,8.06,8.13
6.80,7.63,7.52,10.53,5.81,5.71,5.41,4.52,7.19,7.04,8.06,8.06
6.90,7.75,7.58,10.53,5.95,5.92,5.38,4.50,6.99,7.09,8.06,8.00
6.99,7.75,7.63,10.53,6.02,6.02,5.29,4.46,6.90,7.09,8.06,7.94
7.09,7.75,7.69,10.42,6.10,6.13,5.21,4.42,6.80,7.19,8.00,7.94
7.25,7.75,7.69,10.42,6.17,6.29,5.15,4.39,6.76,7.25,8.00,7.87
7.35,7.75,7.69,10.42,6.25,6.37,5.10,4.37,6.71,7.30,8.06,7.87
7.35,7.69,7.69,10.42,6.25,6.41,5.08,4.35,6.58,7.30,8.06,7.87
7.41,7.69,7.69,10.42,6.29,6.45,5.08,4.33,6.45,7.25,8.20,10.53
7.41,12.50,7.69,10.42,6.29,6.49,5.08,4.31,6.41,7.19,8.26,10.42
7.35,12.50,7.69,10.42,6.29,6.54,5.10,4.31,6.37,7.09,8.33,10.31
7.35,12.35,7.75,10.31,6.33,6.67,5.10,4.29,6.33,6.99,8.40,10.31
7.30,12.35,7.75,10.31,6.37,6.76,5.10,4.29,6.25,6.90,8.47,10.20
7.25,12.20,7.81,10.31,6.37,6.85,5.10,4.27,6.17,6.85,8.47,10.10
7.19,12.05,7.87,10.31,6.33,6.85,5.08,4.26,6.06,12.99,8.47,10.10
7.09,11.90,7.94,10.20,6.25,6.85,5.08,4.20,6.02,12.99,8.40,10.00
6.94,11.90,8.00,10.20,6.17,6.80,5.05,4.12,5.95,12.82,8.40,9.71
6.85,11.90,8.20,10.20,6.10,6.80,5.05,4.02,5.92,12.82,8.33,9.62
6.76,11.76,8.33,10.10,6.06,6.80,5.08,3.97,3.69,12.66,8.33,9.62
6.71,11.76,8.47,10.10,6.02,6.80,5.08,3.94,3.85,12.66,8.33,9.52
6.54,11.76,8.77,10.10,5.95,6.80,5.08,3.94,3.98,12.50,8.33,9.52
6.33,11.76,8.93,10.00,5.88,6.85,3.56,3.92,4.07,12.50,8.33,9.52
5.15,11.63,9.09,10.00,5.85,6.85,4.03,3.92,4.17,12.50,8.33,9.52
5.32,5.59,9.26,10.00,5.81,6.85,4.81,3.92,4.22,12.35,8.33,9.43
5.43,5.68,9.43,10.00,5.81,6.80,4.12,3.91,4.24,4.95,8.33,9.43
5.56,5.95,9.52,10.00,5.81,6.76,4.03,3.89,4.26,5.18,8.26,9.43
5.62,6.21,9.62,10.10,5.81,6.71,4.05,3.85,4.26,5.29,8.20,9.35
5.65,6.45,9.71,10.20,5.85,6.62,4.12,2.81,4.27,5.46,8.06,9.17
5.68,6.80,9.71,10.20,5.88,6.54,4.26,2.94,4.31,5.56,7.94,9.09
5.68,6.99,9.71,10.42,5.99,6.49,4.83,3.07,4.44,5.59,7.87,9.01
5.68,7.25,9.80,10.53,6.02,6.41,4.88,3.12,4.61,5.65,7.81,9.01
5.68,7.41,9.71,10.75,6.10,6.37,4.88,3.16,4.88,5.78,7.69,9.01
5.68,7.69,9.71,10.87,6.13,6.37,4.90,3.18,5.13,5.92,7.58,9.01
5.65,7.81,9.62,11.11,6.13,6.33,4.90,3.18,5.43,6.02,7.46,9.01
5.68,7.87,9.52,11.11,6.10,6.29,3.50,3.17,5.62,6.25,7.35,9.01
5.75,8.00,9.43,11.11,6.06,6.25,3.86,3.16,5.78,6.41,7.30,8.93
5.85,8.13,9.35,11.11,5.99,6.21,4.17,3.15,5.92,6.67,7.25,8.93
5.95,8.26,9.17,11.11,5.95,6.10,4.37,3.14,5.99,6.85,7.14,8.77
6.02,8.26,8.93,11.11,10.00,6.02,4.55,3.10,6.02,6.90,7.04,8.70
6.06,8.33,8.70,11.11,4.00,5.95,4.67,2.99,6.10,6.90,6.99,8.55
6.06,8.40,8.62,11.11,4.20,5.88,4.83,2.86,6.13,6.94,6.90,8.47
6.10,8.40,8.62,10.99,4.41,5.81,4.93,2.82,6.17,6.90,6.80,8.47
6.10,8.47,8.85,10.99,4.63,5.75,5.00,2.82,6.21,6.85,6.71,8.40
6.17,8.47,9.01,10.99,4.85,5.71,5.13,2.83,6.21,6.80,4.39,8.40
6.29,8.55,9.09,10.99,5.03,5.65,5.24,2.82,6.21,6.76,4.55,8.40
6.37,8.55,9.09,6.41,5.21,5.59,5.32,10.87,6.06,6.71,4.67,8.40
6.45,8.55,9.09,6.62,5.35,5.56,5.38,10.75,4.90,6.62,4.93,8.47
6.54,8.55,9.01,6.85,5.49,5.52,5.65,10.53,5.05,6.54,5.13,8.85
6.62,8.47,8.93,7.04,5.52,3.48,5.88,10.31,5.26,6.45,5.29,8.93
6.62,8.40,8.93,7.30,5.52,3.68,5.95,10.20,5.38,6.41,5.38,9.01
6.62,8.33,8.85,7.46,5.49,3.86,5.99,10.10,5.49,6.37,5.46,8.93
6.54,8.33,8.62,7.63,5.49,4.05,5.95,10.00,5.56,6.33,5.52,8.85
6.49,8.26,8.47,7.81,5.49,4.18,5.92,9.80,5.65,6.29,5.56,8.77
6.37,8.26,8.33,7.94,5.52,4.24,5.85,9.62,5.78,6.25,5.56,8.70
6.29,8.20,8.13,8.00,5.59,4.26,5.71,9.52,5.95,6.21,5.52,8.62
6.21,8.20,7.87,8.06,5.68,4.26,5.49,9.35,6.13,6.21,5.43,8.55
6.13,8.06,7.81,8.13,5.81,4.26,4.98,9.26,6.29,6.21,5.29,8.55
6.06,8.00,7.87,7.52,5.92,4.26,4.93,9.17,6.41,6.21,5.18,8.55
6.02,8.00,7.87,7.63,5.95,4.27,4.85,9.09,6.49,6.21,5.24,8.55
5.99,7.94,7.81,7.75,5.85,4.27,9.80,9.01,6.58,6.17,5.32,8.40
5.95,7.94,7.75,7.87,5.65,5.75,9.80,8.93,6.67,10.53,5.43,8.33
3.79,7.94,7.75,7.94,5.78,5.78,9.71,8.93,6.71,10.53,5.52,8.26
4.07,7.94,7.69,8.00,5.95,5.75,9.71,8.85,6.76,10.53,5.62,8.20
4.31,7.87,7.69,8.00,6.10,5.71,9.62,8.77,6.80,10.53,5.75,8.06
4.52,7.87,7.75,8.00,6.29,5.62,9.62,8.77,6.85,10.53,5.95,8.00
4.65,7.87,7.75,8.00,6.41,5.52,9.62,8.70,6.85,10.42,6.02,7.94
4.83,7.81,7.75,7.94,6.45,5.08,9.52,8.62,6.85,4.15,6.10,7.87
5.00,7.81,7.81,7.94,6.45,4.93,9.52,8.55,6.80,4.42,6.17,7.69
5.21,7.75,7.81,7.87,6.45,4.81,9.43,8.55,6.71,4.63,6.21,7.52
5.35,7.75,7.87,7.81,6.41,4.63,9.35,8.47,6.67,4.83,6.21,7.25
5.46,7.75,7.94,7.69,6.37,4.50,9.26,8.47,6.58,4.95,6.17,7.09
5.49,7.81,8.00,5.65,6.33,4.44,9.17,8.40,6.49,5.13,6.13,6.99
5.49,7.94,8.00,6.02,6.25,4.37,9.17,8.40,6.41,5.24,6.10,6.90
5.49,8.06,8.00,6.25,6.13,4.33,9.09,8.33,6.33,5.38,6.06,6.76
5.49,8.26,8.00,6.45,6.02,4.31,9.09,8.33,6.25,5.52,6.02,6.90
5.52,8.40,8.00,6.54,5.95,4.27,9.01,8.26,5.99,5.56,6.02,7.19
5.52,8.55,7.94,6.67,5.88,4.26,9.01,8.26,5.78,5.59,6.02,7.46
5.52,8.62,7.94,6.76,5.81,4.24,8.93,8.20,5.68,5.62,5.99,7.75
5.49,8.70,7.94,6.76,5.71,4.26,8.93,8.13,5.65,5.65,5.99,7.87
5.52,8.77,7.87,6.76,9.35,4.29,8.85,8.06,5.62,5.68,5.95,8.00
5.46,8.93,7.81,6.71,9.35,4.33,4.26,8.00,5.59,5.68,5.88,8.13
5.41,9.09,7.75,6.67,9.26,2.85,4.46,8.00,5.56,5.71,5.81,8.26
5.35,9.26,7.69,6.58,9.26,4.41,4.61,8.00,5.56,5.71,5.78,8.33
5.26,9.52,7.52,6.54,9.17,4.50,4.74,8.00,5.59,5.71,5.88,8.47
5.21,10.00,7.46,6.45,9.17,4.63,4.83,8.00,5.62,5.71,5.99,8.62
5.18,10.10,7.35,6.41,9.09,4.67,4.88,8.00,5.68,5.68,6.13,8.77
5.15,10.20,7.30,6.37,9.09,4.55,4.95,8.00,5.75,5.68,6.33,8.85
5.13,10.20,7.19,6.33,9.09,4.46,5.05,8.00,5.88,5.65,6.45,8.93
5.15,10.20,7.09,6.25,9.09,4.41,5.18,8.06,5.99,5.62,6.58,9.01
5.92,10.31,6.99,6.21,9.09,4.37,5.29,8.13,6.10,5.62,6.76,9.09
8.26,10.31,6.90,6.17,9.09,4.37,5.35,8.13,6.21,5.49,6.90,9.26
8.33,10.31,6.85,6.13,9.09,4.35,5.41,8.13,6.33,5.41,6.99,9.52
8.40,10.20,6.80,6.13,9.01,4.33,5.43,8.13,6.37,5.41,7.14,9.80
8.40,10.20,6.71,6.17,9.01,4.31,5.43,8.13,6.37,5.38,7.25,10.00
8.40,10.20,6.49,8.26,9.01,4.26,5.43,8.06,6.37,5.38,7.35,10.10
8.40,10.31,6.29,8.20,8.93,4.20,5.43,8.06,6.41,5.32,7.46,10.10
8.47,10.42,5.88,8.13,8.93,4.15,5.38,8.00,6.41,5.26,7.63,10.10
8.47,10.53,6.10,8.06,8.93,4.10,5.32,8.00,6.37,5.24,7.75,9.90
8.55,10.64,6.25,8.06,8.85,4.05,5.24,7.94,6.37,5.21,7.87,9.62
8.55,10.75,6.25,8.00,8.85,3.95,5.18,3.80,6.33,5.15,7.94,9.35
8.70,10.75,6.25,8.00,8.85,3.79,5.10,3.79,6.33,5.10,8.00,9.17
8.85,10.87,6.25,7.94,8.77,3.30,5.03,3.82,6.29,5.08,8.00,9.09
9.01,10.87,6.25,7.94,8.77,3.14,4.95,3.89,6.29,5.05,8.00,9.01
9.17,10.87,6.25,7.94,8.77,3.12,4.90,3.98,6.37,4.95,7.94,8.93
4.03,10.87,6.21,7.87,8.77,3.12,4.85,4.13,6.45,4.00,7.94,8.85
4.22,10.87,6.06,7.87,8.77,3.12,3.09,4.37,6.54,4.50,7.94,8.77
9.43,10.87,5.99,7.81,8.77,3.12,3.23,4.78,6.62,5.00,7.87,13.33
9.52,10.75,5.88,7.75,8.77,3.12,3.30,5.08,6.71,5.49,7.87,13.33
9.52,10.75,5.78,7.75,8.85,3.13,3.41,5.24,6.80,5.85,7.94,13.33
9.52,10.75,5.75,7.69,11.49,3.13,3.48,5.29,6.85,6.06,8.00,13.16
9.52,10.64,5.71,7.63,11.36,3.08,3.53,5.29,6.85,6.25,8.06,13.16
9.52,10.53,5.68,7.58,11.11,2.93,3.60,5.32,6.90,6.33,8.20,12.99
13.16,10.53,5.65,4.61,10.99,2.99,3.66,5.32,6.94,6.37,8.33,12.82
13.16,10.42,5.62,4.81,10.87,3.09,3.72,5.35,7.09,6.41,8.40,12.66
13.16,10.42,5.56,4.93,10.75,3.23,3.77,5.41,7.58,6.49,8.55,12.66
13.16,10.42,5.52,5.08,10.64,3.29,3.82,5.52,7.81,6.58,8.55,12.50
13.16,10.42,5.49,5.21,10.53,3.40,3.85,6.25,8.06,6.62,8.47,12.50
12.99,10.42,5.46,5.32,10.42,3.46,3.89,6.37,8.26,6.58,8.55,12.35
12.82,10.31,5.43,5.49,10.31,3.48,9.71,6.37,8.33,6.54,8.77,12.20
12.82,10.31,5.35,5.59,10.20,3.50,9.62,6.33,8.47,6.49,8.93,12.05
12.66,10.31,5.32,5.68,10.20,3.48,3.75,6.25,8.62,6.45,9.09,11.90
12.50,10.31,5.26,5.85,10.10,3.51,3.65,6.21,8.77,6.49,9.26,11.90
12.35,10.31,5.24,5.95,10.00,3.51,3.72,6.13,9.01,6.67,9.43,11.76
12.05,10.31,5.24,6.02,9.90,3.48,3.77,6.06,9.26,6.80,9.62,11.76
11.90,10.31,5.24,6.10,9.90,3.46,3.80,4.27,10.20,6.99,9.71,11.76
11.90,10.31,5.26,6.17,9.80,3.42,3.92,4.44,10.75,7.25,9.90,11.63
11.76,10.20,5.29,6.25,9.71,7.58,4.03,4.65,10.87,7.35,10.00,11.63
11.76,10.20,5.32,6.33,9.71,7.58,4.10,4.95,10.87,7.46,10.00,11.63
11.63,10.20,5.38,6.33,9.62,7.58,4.20,5.24,10.87,7.58,10.10,11.63
11.63,10.20,5.41,6.37,9.62,7.58,4.24,5.43,10.87,7.69,10.10,11.49
5.38,10.10,5.43,6.33,9.62,7.63,4.24,5.59,10.75,7.69,10.20,11.49
5.78,10.10,5.49,6.29,9.52,7.69,4.22,5.65,10.75,7.75,10.31,11.36
6.06,10.00,5.52,6.29,9.52,7.81,4.22,5.71,10.64,7.75,10.53,11.36
6.29,9.90,5.52,6.29,9.43,8.00,4.24,5.81,10.64,7.69,10.75,11.36
6.41,9.80,5.56,6.33,9.43,8.26,4.31,5.99,10.53,7.63,10.87,11.36
6.54,9.71,5.59,6.37,9.43,8.26,4.37,6.25,10.42,7.58,10.99,11.36
6.67,9.62,5.62,6.37,9.35,8.33,4.42,6.49,10.42,7.46,11.11,11.36
6.76,9.62,5.62,6.41,5.59,3.41,4.46,6.76,10.53,7.35,11.11,11.36
6.85,9.52,5.65,6.41,5.71,3.66,4.50,6.90,10.75,7.30,11.11,11.36
6.80,9.52,3.91,6.45,5.88,3.86,4.52,7.09,10.75,7.25,10.99,11.36
6.71,9.43,4.18,6.45,6.02,4.00,4.55,7.19,10.75,7.25,10.99,11.36
6.54,9.35,4.35,6.45,6.13,4.15,4.55,7.25,10.75,7.19,10.87,11.24
6.67,9.26,4.55,6.41,6.25,4.24,4.57,7.25,10.75,7.19,10.87,11.24
6.80,9.17,4.59,6.37,6.33,4.26,4.57,7.25,10.87,7.19,10.75,11.11
6.90,9.09,4.61,6.33,6.41,4.26,4.57,7.30,10.87,7.19,10.53,11.11
6.99,9.09,4.63,6.25,6.58,4.24,4.57,7.30,10.87,7.19,10.31,10.99
7.04,9.01,6.06,6.21,6.71,4.20,4.59,7.30,10.87,7.19,10.10,10.99
7.09,9.01,6.06,6.13,6.85,4.20,4.59,7.35,10.87,7.19,9.90,10.99
7.19,8.93,6.06,6.10,6.94,4.22,4.61,7.35,10.87,3.83,10.00,10.87
7.25,8.93,6.02,6.06,6.99,4.26,4.65,7.41,10.87,4.15,10.31,10.87
7.35,8.93,6.02,6.06,7.04,4.27,4.74,7.46,10.87,4.57,10.75,10.87
7.35,8.85,6.06,6.02,7.04,4.33,4.85,7.46,10.87,5.13,10.99,10.87
7.35,8.85,6.10,6.02,7.09,4.52,5.00,7.52,10.87,5.56,11.11,10.87
7.30,4.98,6.13,6.02,7.09,4.76,5.68,7.52,10.87,5.95,11.11,10.87
7.25,5.15,6.21,6.06,7.09,5.10,5.85,7.52,10.87,6.17,11.24,10.99
7.14,5.32,6.37,6.06,7.09,5.43,5.88,7.58,10.87,6.45,11.36,10.99
6.94,5.59,6.49,6.10,7.14,5.65,5.88,7.58,10.87,6.62,11.49,11.11
7.04,5.88,4.44,6.10,7.14,5.92,5.85,7.63,10.75,6.76,11.49,11.24
7.25,6.06,4.88,6.10,7.14,6.02,5.78,7.69,10.75,6.76,11.49,5.99
7.41,6.25,5.29,6.06,7.09,6.13,5.75,7.69,10.64,6.76,11.49,5.92
7.58,6.33,5.68,6.02,7.09,6.25,5.75,7.75,10.53,6.80,11.63,5.95
14.49,6.37,5.99,5.92,7.04,6.25,5.71,7.75,10.53,6.90,11.63,5.95
14.49,6.37,6.25,5.81,6.99,6.21,5.65,7.81,10.53,6.99,11.63,5.99
14.29,6.37,6.37,5.71,6.94,6.13,5.62,7.87,10.42,7.19,11.63,6.02
14.08,6.37,6.45,5.75,6.90,6.02,5.56,7.87,10.42,7.30,11.76,11.90
13.89,6.33,6.54,5.85,6.90,5.92,5.49,7.94,10.42,7.35,11.76,11.90
13.70,6.33,6.58,5.92,6.85,5.78,3.64,7.94,10.42,7.41,11.76,11.76
13.51,6.29,6.62,5.99,6.62,5.68,3.77,7.94,10.42,7.46,11.76,11.76
13.33,6.25,6.62,6.13,6.37,5.59,4.00,7.94,10.42,7.52,11.76,11.63
13.16,6.10,6.67,6.33,6.21,5.46,4.13,7.87,10.31,7.52,11.90,11.63
12.99,5.99,6.71,6.41,6.17,5.35,4.20,7.87,10.31,7.52,11.90,11.49
12.82,5.92,6.80,6.54,6.29,3.97,4.22,7.81,10.31,7.46,12.05,11.49
12.66,5.81,6.85,6.67,6.49,4.03,4.15,7.75,10.31,7.41,12.20,11.36
12.66,7.94,6.85,6.80,6.62,4.17,4.15,7.75,10.31,5.62,12.35,11.24
12.50,8.13,6.85,6.85,6.71,4.27,4.20,7.69,10.20,5.99,12.35,11.11
12.50,8.26,6.85,6.90,6.76,4.90,4.24,7.58,10.20,6.10,12.35,10.99
12.35,8.93,6.80,6.94,6.80,4.85,4.26,7.52,10.00,6.21,12.35,10.87
12.20,9.35,6.80,6.94,6.80,4.85,4.27,7.41,9.80,6.37,12.35,10.75
12.05,9.90,6.80,6.90,6.71,4.88,4.33,7.35,9.71,6.49,12.35,10.75
11.90,4.20,4.03,6.90,6.58,4.85,4.44,4.57,9.71,6.62,12.20,10.64
11.76,4.52,4.02,6.85,6.45,4.88,4.59,4.85,9.80,6.71,12.05,10.53
11.63,4.85,4.05,6.80,6.49,4.88,4.76,5.13,9.80,6.76,11.90,5.46
11.63,5.13,4.22,6.76,6.54,4.93,4.93,5.32,9.80,6.80,11.76,5.68
5.78,5.32,4.39,6.67,6.54,5.00,5.10,5.56,9.80,6.85,11.76,6.02
5.99,5.56,4.61,6.54,6.54,5.15,5.29,5.71,9.80,6.90,11.63,6.41
6.10,5.81,4.81,6.45,6.45,5.24,5.41,5.92,9.80,6.90,11.63,6.80
6.25,6.10,4.95,6.37,6.41,5.29,5.52,5.99,9.80,6.94,11.63,7.19
6.29,6.41,5.15,6.33,6.33,5.32,5.59,6.06,9.90,6.99,11.49,7.52
6.37,6.58,5.21,6.25,6.25,5.32,5.68,6.10,10.00,7.04,11.49,7.81
6.37,6.76,5.26,6.13,6.13,5.35,5.75,6.06,10.00,7.14,11.24,8.13
6.41,6.80,5.29,6.06,6.02,5.46,5.85,6.02,10.10,7.30,11.11,8.40
6.41,6.85,5.38,6.02,5.85,5.56,5.95,5.95,10.10,9.17,10.99,8.55
6.41,6.94,5.46,5.99,5.62,5.59,5.99,5.88,10.10,9.09,10.87,8.77
6.41,6.99,5.52,5.99,5.59,5.59,6.02,5.71,10.20,9.01,10.75,8.93
6.41,7.09,5.52,5.95,5.71,5.59,6.02,5.56,10.20,9.01,10.75,9.01
6.37,7.14,5.52,5.92,5.95,5.52,6.02,5.52,10.20,9.01,10.53,9.01
6.37,7.19,5.52,5.88,6.13,5.52,5.99,5.59,10.10,8.93,10.31,9.01
6.41,7.25,5.52,5.85,6.37,5.56,5.99,5.65,10.10,8.93,10.31,9.01
6.49,7.25,5.52,5.81,6.49,5.56,5.95,5.68,10.10,8.85,10.20,9.01
6.62,7.30,5.56,5.75,6.58,5.56,5.92,5.71,10.10,8.85,10.10,9.01
6.71,7.35,5.56,5.71,6.67,5.46,5.85,5.75,10.10,8.85,10.10,9.01
6.71,7.35,5.59,5.68,6.67,5.35,5.78,5.75,9.90,8.77,9.90,8.93
6.71,7.30,5.59,5.65,6.71,5.49,5.71,5.68,9.80,8.77,9.71,8.93
6.62,7.30,5.65,5.62,6.67,5.68,5.65,5.65,9.80,8.62,9.62,8.85
6.49,10.10,5.68,5.62,6.58,6.13,5.62,5.62,9.80,8.47,9.52,8.85
6.85,10.10,5.65,5.59,6.49,6.49,5.59,5.59,9.71,8.40,9.43,8.70
7.19,10.10,5.62,5.56,6.45,6.71,5.56,5.59,9.71,8.40,9.17,8.55
7.46,5.46,5.59,5.52,6.37,6.76,5.56,5.56,9.71,8.40,9.01,8.47
7.63,5.59,5.52,5.49,6.33,6.85,5.56,5.52,9.71,8.33,8.85,8.40
7.69,10.20,5.46,5.46,6.21,6.99,5.56,5.49,9.62,8.33,8.77,8.40
7.69,10.31,5.38,5.41,6.06,7.19,5.59,5.46,9.62,8.33,8.62,8.40
7.75,10.31,5.29,5.35,5.95,7.25,5.62,5.46,9.62,8.33,8.40,8.47
7.81,10.31,5.24,5.32,5.85,7.30,3.62,5.46,9.62,8.33,8.26,8.55
8.00,10.20,5.21,5.29,5.68,7.35,3.94,5.41,9.62,8.33,8.13,8.62
8.26,10.20,5.21,5.26,5.56,7.35,4.26,5.32,9.62,8.33,7.87,8.70
8.47,10.20,5.24,5.21,5.43,7.30,4.57,5.24,9.62,8.33,7.75,8.77
8.70,10.10,5.24,5.18,5.26,7.19,4.93,5.18,9.62,8.33,7.69,8.77
8.93,10.00,5.26,5.13,5.18,7.04,5.15,5.10,9.62,8.26,7.63,8.77
9.01,10.00,5.29,5.05,5.13,6.85,5.35,4.98,9.62,8.26,7.63,8.77
9.17,9.90,5.35,4.98,5.03,6.71,5.46,4.83,9.62,4.33,7.58,8.77
9.43,9.80,5.46,4.93,4.93,6.54,5.49,4.67,9.62,4.52,7.63,8.77
9.52,9.80,5.56,4.88,4.85,6.41,5.49,4.69,9.62,4.65,7.63,8.70
9.62,5.29,5.62,4.85,4.76,6.33,5.46,4.81,9.71,4.83,7.69,8.70
9.80,5.65,5.65,4.81,4.65,6.21,5.43,4.90,9.71,4.95,7.75,8.62
9.90,5.99,5.71,4.74,4.65,6.06,5.35,5.03,9.71,5.08,7.75,8.55
10.10,6.29,5.81,4.65,4.72,5.95,5.24,5.18,9.71,5.18,7.75,8.47
10.10,6.41,5.92,4.61,4.81,5.81,5.15,5.35,9.71,5.26,7.75,8.33
10.10,6.45,6.02,4.57,4.83,5.68,4.98,5.62,9.71,5.32,7.75,8.26
10.20,6.54,6.10,4.52,4.85,5.59,4.76,5.92,9.62,5.41,7.75,8.06
10.20,6.62,6.25,4.48,4.90,5.46,4.41,6.10,9.62,5.56,7.81,7.81
10.10,6.67,6.37,4.42,4.93,5.35,4.39,6.29,9.62,5.65,7.81,7.09
10.00,6.76,6.49,4.35,4.90,5.24,4.39,6.37,9.62,5.81,7.81,6.67
9.90,6.85,6.58,4.31,4.90,5.10,4.37,6.37,9.52,5.99,7.81,6.76
9.90,6.90,6.71,4.27,4.85,5.00,4.37,6.41,9.52,6.21,7.87,6.80
13.33,6.94,6.80,4.24,4.83,4.93,4.35,6.41,9.52,6.41,7.87,6.85
13.33,6.99,6.85,4.20,4.76,4.83,4.35,6.45,9.43,6.62,7.87,6.85
13.33,6.99,6.90,4.15,4.59,3.27,4.33,6.49,9.43,6.76,7.87,6.85
13.33,6.80,6.94,2.82,4.44,3.37,4.31,6.49,9.43,6.90,7.81,6.76
13.51,6.58,6.94,2.91,4.33,3.52,4.29,6.49,9.35,6.99,7.87,6.62
13.51,6.62,6.94,3.00,4.27,3.77,4.29,6.45,9.26,7.09,7.87,6.62
13.70,6.76,6.99,3.08,4.26,4.00,4.27,6.37,9.17,7.14,7.94,6.76
13.70,6.90,6.99,3.11,4.27,4.13,4.29,6.25,9.09,7.19,8.06,6.90
13.70,6.94,7.04,3.12,4.29,4.22,4.31,6.13,9.09,7.25,8.06,6.94
13.51,6.99,7.14,3.12,4.31,4.27,4.37,6.06,9.01,7.30,8.00,7.04
13.51,7.14,7.25,3.12,4.31,4.31,4.44,5.99,9.01,7.30,7.94,7.19
13.51,7.25,7.35,3.13,4.31,4.33,4.61,5.92,8.93,7.30,7.87,7.25
13.51,7.35,7.41,3.16,4.29,4.35,5.95,5.81,8.93,7.35,7.75,7.30
13.33,7.46,7.52,3.17,4.27,4.37,6.17,5.68,8.85,7.41,7.69,7.30
13.33,7.63,7.58,3.22,4.27,4.39,6.37,5.59,8.85,7.58,7.52,7.30
13.33,7.75,7.69,3.32,4.27,4.41,6.58,5.52,8.77,7.75,7.41,7.30
13.33,7.75,7.75,3.51,4.29,4.42,6.76,5.52,8.77,7.87,7.30,7.35
13.33,4.95,7.81,3.60,4.31,4.42,6.94,5.56,8.62,7.94,7.19,7.35
13.33,5.26,7.81,3.69,4.39,4.42,7.09,5.56,4.33,7.94,6.94,7.35
13.33,5.65,7.87,3.75,4.48,4.42,7.09,5.56,4.59,7.94,6.71,7.35
13.16,6.06,7.94,3.79,4.63,4.42,7.09,5.52,4.83,7.94,6.45,7.35
13.16,6.45,7.94,3.86,4.76,4.41,7.04,5.52,4.98,7.94,6.37,7.35
13.16,6.85,8.00,3.91,4.78,7.46,6.99,5.49,5.18,7.94,6.41,7.35
12.99,7.19,7.94,4.02,4.78,7.46,6.90,5.43,5.24,7.87,6.45,7.41
12.82,7.41,7.94,4.15,4.78,7.41,6.80,5.35,5.29,7.87,6.49,7.41
12.82,7.69,7.87,4.27,4.65,7.41,6.71,5.29,5.32,7.87,6.54,7.46
12.66,8.00,7.81,4.39,4.35,7.41,6.62,5.21,5.38,7.94,6.67,7.41
12.50,8.40,7.81,4.50,4.27,7.41,6.58,5.15,5.46,7.94,6.76,7.35
12.50,9.17,7.75,4.61,4.22,7.41,6.49,5.10,5.49,7.94,6.76,7.30
12.35,9.71,7.69,4.76,4.18,7.35,6.45,5.03,5.52,8.00,6.80,7.25
12.35,10.10,7.63,4.88,4.15,7.35,6.41,4.42,5.52,8.06,6.80,7.25
12.20,10.20,7.52,5.00,4.12,7.35,6.37,4.27,5.52,8.13,6.76,7.25
12.05,10.42,7.41,5.15,4.07,7.30,6.33,4.12,5.52,8.20,6.76,7.35
12.05,10.53,7.35,5.26,4.00,7.30,6.33,4.02,5.56,8.20,6.80,7.35
11.90,10.75,7.30,5.38,3.89,7.30,6.33,3.91,5.56,8.26,6.80,7.35
11.90,10.87,7.25,5.46,3.79,7.25,6.33,3.82,5.56,8.26,6.85,7.35
11.76,10.87,7.14,5.56,3.76,7.25,6.37,3.77,5.52,8.26,6.94,7.35
11.76,10.99,6.99,5.62,3.72,7.25,3.98,3.73,5.52,8.26,6.99,7.30
11.63,10.99,6.90,5.62,3.76,7.25,4.18,3.68,5.52,8.33,7.09,7.30
11.63,10.99,6.80,5.65,3.92,2.45,4.29,3.62,5.56,8.33,7.19,7.25
11.49,10.99,6.76,5.65,4.22,2.67,4.39,3.56,5.62,8.33,7.25,7.19
11.49,10.99,6.62,5.68,4.48,2.87,4.46,2.74,5.71,8.26,7.25,7.14
11.36,10.87,6.49,5.65,4.61,3.09,4.50,2.94,5.81,8.26,7.30,11.49
11.24,10.87,6.41,5.62,4.76,3.34,4.57,3.19,5.92,8.20,7.35,11.49
11.11,10.75,6.37,5.65,4.83,3.51,4.69,3.53,5.95,8.06,7.52,11.49
11.11,10.75,6.29,5.75,4.88,10.31,4.85,3.97,5.95,8.00,7.81,11.36
10.99,10.64,6.17,5.92,4.90,10.20,4.95,4.26,5.95,7.87,8.13,11.24
10.87,10.42,6.06,6.06,4.95,10.10,5.08,4.44,5.99,7.81,8.40,11.24
10.87,10.31,5.95,6.33,5.05,10.00,5.18,4.59,5.99,7.75,8.47,11.11
10.75,10.31,5.92,7.30,5.10,9.90,5.29,4.69,5.99,7.69,8.55,11.11
10.64,10.20,5.81,7.75,5.13,9.80,5.52,4.83,5.99,7.63,8.70,11.11
10.53,10.10,5.65,8.00,5.13,9.80,5.68,4.85,5.99,7.52,8.77,10.99
10.42,10.10,5.56,8.20,5.10,9.71,5.88,4.88,5.99,7.52,8.85,10.99
10.42,10.00,5.46,8.33,5.10,9.71,5.99,4.88,6.02,7.46,8.93,10.87
10.31,5.32,5.21,8.40,5.10,9.62,6.21,4.90,6.06,7.46,8.93,10.87
10.31,5.38,5.10,8.47,5.13,9.62,6.37,4.90,6.10,7.41,9.01,10.75
10.20,5.46,4.72,8.55,5.15,9.62,6.41,4.93,6.13,7.35,9.01,10.75
10.20,5.52,4.69,8.55,5.18,9.62,6.49,4.98,6.21,7.30,9.01,10.75
10.10,5.59,4.65,8.62,5.24,9.71,6.54,5.08,6.29,7.25,9.01,10.75
10.10,5.85,4.61,8.77,5.29,4.07,6.58,5.15,6.33,7.14,8.93,10.75
10.00,6.29,4.55,8.77,5.35,4.12,6.58,5.26,6.33,6.99,8.93,10.64
9.90,6.67,4.48,8.85,5.38,4.18,6.58,5.49,6.33,6.85,8.85,10.64
9.90,6.90,4.44,8.93,5.38,4.24,6.62,5.65,6.29,6.80,8.70,10.64
9.90,7.25,4.39,8.93,5.35,4.29,6.58,5.88,6.21,6.71,8.55,10.64
9.90,7.41,4.37,8.93,5.35,4.35,6.49,6.02,6.13,6.62,8.47,10.53
9.90,7.69,4.33,8.93,5.32,4.44,6.45,6.13,6.06,6.45,8.40,10.53
4.61,7.81,4.31,8.93,5.29,4.52,6.37,6.29,6.02,6.37,8.40,10.53
4.74,7.94,4.29,8.93,5.29,4.57,6.33,6.33,5.95,6.33,8.33,10.42
4.93,8.20,4.29,8.93,5.29,4.61,6.25,6.37,5.88,6.25,8.26,10.42
5.29,8.40,4.29,8.93,5.29,4.61,6.17,6.37,5.85,6.13,8.00,10.42
5.59,8.55,4.29,8.93,5.29,4.61,6.02,6.37,5.75,6.02,7.81,10.42
5.85,8.62,4.31,8.93,5.29,4.61,6.02,6.33,5.68,5.92,7.75,10.53
5.95,8.77,4.31,8.93,5.29,4.52,6.10,6.29,5.65,5.85,7.87,10.64
6.02,8.85,4.31,8.93,5.32,4.42,6.17,6.25,5.59,5.71,7.94,10.75
6.10,8.77,4.31,8.85,5.32,4.48,6.25,6.13,5.56,5.52,8.00,10.87
6.17,8.62,4.31,8.85,5.29,4.61,6.33,6.06,5.52,4.42,8.06,10.99
6.25,8.47,4.31,8.85,5.26,4.76,6.37,5.99,5.49,4.63,8.13,10.99
6.29,8.26,4.29,8.77,5.24,4.83,6.41,5.92,5.46,4.85,8.55,10.99
6.33,8.00,4.29,8.70,5.24,4.83,6.45,5.88,5.41,4.98,8.47,10.99
6.33,7.75,4.27,8.62,5.21,4.83,6.45,5.78,5.41,5.15,8.40,10.99
6.33,7.19,4.27,8.55,5.18,4.78,6.45,5.71,5.38,5.32,8.33,10.99
6.29,6.90,4.26,8.47,5.15,4.67,6.29,5.68,5.38,5.62,8.26,10.99
6.25,6.90,4.22,8.40,5.13,4.59,5.41,5.62,5.35,5.88,8.26,10.87
6.17,6.94,4.20,8.33,5.08,4.55,5.81,5.59,3.31,6.02,8.20,10.87
6.06,6.99,4.17,8.26,5.03,4.55,6.10,5.59,3.56,6.17,8.20,10.87
5.99,7.09,4.15,8.20,3.15,4.57,6.37,5.56,3.73,6.29,8.26,10.87
5.95,7.19,4.12,8.20,3.55,4.57,6.67,5.52,3.77,6.37,8.20,10.87
5.88,7.30,4.08,8.06,3.95,4.59,6.90,5.49,3.76,6.41,8.00,10.87
5.85,7.19,4.07,7.94,4.20,4.59,7.19,5.46,3.73,6.45,7.94,6.62
5.81,6.99,10.42,7.94,4.33,4.59,7.35,5.43,3.95,6.54,7.94,6.76
5.78,6.90,10.31,7.87,4.50,4.59,7.52,5.43,4.13,6.71,7.94,6.85
5.71,6.90,10.20,7.87,4.65,4.59,7.75,5.41,4.29,7.09,7.87,6.94
5.68,6.99,10.10,7.81,4.81,4.57,7.87,6.41,4.39,7.35,7.81,6.99
5.65,6.99,10.00,7.81,4.88,4.55,8.00,6.45,4.48,7.52,7.69,12.50
5.62,7.04,9.90,7.81,4.95,4.52,8.20,6.49,4.50,7.63,7.46,12.35
5.59,7.14,9.80,7.81,5.05,4.50,8.33,6.49,4.52,7.75,7.41,12.35
5.56,7.14,9.71,7.81,5.10,4.44,8.47,6.49,4.59,7.81,7.41,12.20
5.52,7.14,9.62,7.81,5.13,4.41,8.55,6.41,4.65,7.94,7.52,12.20
5.46,7.09,9.52,7.81,5.13,4.35,8.62,4.81,4.67,8.00,7.69,12.05
5.43,7.09,9.52,7.81,5.13,4.33,8.77,4.85,4.67,8.00,7.87,12.05
5.35,6.99,9.43,7.81,5.13,4.29,8.85,5.03,4.61,7.94,8.00,11.90
5.26,6.85,9.35,7.81,8.26,4.27,8.93,5.29,4.57,7.94,8.20,11.90
5.21,5.35,9.26,7.81,8.06,4.27,9.01,5.49,4.52,7.87,8.20,6.33
5.15,5.43,9.17,7.75,7.87,4.26,9.09,5.59,4.50,7.87,8.20,6.49
5.10,4.95,9.17,7.75,7.75,4.22,9.35,5.62,4.46,7.94,8.20,6.76
5.00,4.93,10.64,7.75,7.63,4.24,9.43,5.65,4.44,8.06,8.13,6.90
4.90,5.18,10.42,7.69,7.46,4.26,9.52,5.65,4.41,8.20,8.20,7.14
4.83,5.62,10.42,7.69,7.35,4.41,9.71,5.65,4.35,8.20,8.20,7.25
4.76,6.06,10.31,7.69,7.19,4.67,9.80,5.65,4.29,8.20,8.20,7.25
4.67,6.41,10.20,7.63,7.04,5.00,10.00,5.65,4.29,12.05,8.20,7.25
4.61,6.67,10.10,7.58,6.90,5.29,10.10,5.75,4.42,12.05,8.20,7.19
4.57,6.90,10.00,7.52,6.80,5.56,10.20,5.92,4.63,11.90,8.20,7.09
4.55,7.14,9.90,7.46,4.65,5.81,10.20,6.13,4.85,11.90,8.13,6.94
12.05,7.41,9.80,7.46,4.93,5.99,10.20,6.21,4.98,11.76,8.00,6.90
11.76,7.75,9.71,7.41,5.21,6.10,10.20,6.25,3.45,11.76,7.94,6.90
4.07,8.00,9.62,7.35,5.41,6.29,10.10,6.25,3.53,11.76,7.94,6.90
4.27,8.26,9.52,7.35,5.59,6.37,10.10,10.87,3.72,11.63,7.87,6.90
4.46,8.40,9.43,7.35,5.68,6.41,10.00,10.87,3.95,11.63,7.81,6.94
4.69,8.62,9.35,7.30,5.78,6.45,9.80,10.75,4.20,11.63,7.69,6.99
4.90,9.01,9.26,7.30,5.88,6.49,9.71,10.64,4.42,11.49,7.58,7.09
5.13,9.90,9.17,7.30,5.92,6.49,9.62,10.53,4.65,11.36,6.80,7.14
5.35,10.42,9.09,7.30,5.92,6.54,9.52,10.42,4.93,11.24,6.99,7.19
5.56,10.87,9.01,7.30,5.92,6.54,9.43,10.42,5.21,11.24,7.09,7.25
5.68,11.11,8.93,7.30,5.85,6.54,9.26,10.42,5.46,11.11,7.19,7.30
5.75,11.11,8.93,7.35,5.68,6.58,9.09,10.31,5.59,10.99,7.14,7.30
5.75,11.11,8.85,7.35,5.75,6.62,9.01,10.31,5.65,10.99,7.09,7.25
5.75,11.11,8.77,7.41,5.85,6.67,8.93,10.31,5.68,10.99,7.04,7.25
5.71,11.11,8.70,7.41,5.85,6.71,8.93,10.31,5.56,10.87,6.99,7.19
5.68,11.11,8.62,7.46,4.83,6.76,8.85,10.20,5.59,10.87,6.85,7.14
5.59,11.11,8.55,7.46,4.74,6.80,8.77,10.20,5.68,10.75,6.71,7.14
5.52,11.11,8.47,7.46,4.72,6.80,8.70,10.20,5.92,10.64,6.54,7.09
5.49,11.24,8.40,7.46,4.78,6.80,8.62,10.20,6.25,10.53,6.33,6.99
5.49,11.36,8.40,7.46,4.85,6.80,8.55,10.20,6.76,10.42,6.13,6.90
5.56,11.49,8.33,7.41,4.93,6.76,8.47,10.10,7.19,5.29,6.06,6.76
5.59,11.63,8.26,7.35,4.98,6.71,8.47,10.10,7.46,5.56,5.95,6.67
5.62,6.10,8.20,7.30,5.65,6.62,8.47,10.10,7.75,5.81,5.88,6.54
13.16,6.33,8.13,7.30,5.71,6.54,8.40,10.00,8.00,6.10,5.75,6.54
13.16,6.54,8.06,7.25,5.71,6.41,8.40,9.90,8.20,6.45,5.71,6.49
13.16,6.80,8.00,7.30,5.62,6.33,8.40,9.80,8.26,6.85,5.85,4.61
13.16,6.90,8.00,7.35,4.98,6.21,8.40,9.71,8.33,7.19,5.99,4.88
13.33,6.99,11.76,7.46,4.95,6.17,8.33,9.71,8.26,7.41,6.13,5.05
16.39,7.09,11.63,7.69,5.00,6.29,8.33,9.62,8.26,7.63,6.33,5.56
16.13,7.14,11.24,8.00,4.98,6.41,8.33,9.62,8.26,7.75,6.41,5.88
4.81,7.19,10.99,8.26,5.00,6.58,8.33,9.52,8.33,7.81,6.54,6.06
5.26,7.19,10.99,8.55,4.95,6.80,8.33,9.52,8.33,7.81,6.67,6.25
5.71,7.19,10.99,8.70,4.52,6.94,8.40,9.52,8.33,7.81,6.71,6.25
6.10,7.19,10.99,8.85,4.61,7.14,8.40,9.43,8.33,7.75,6.76,6.13
6.41,7.19,12.82,8.93,4.74,7.30,8.40,9.43,8.33,7.75,6.80,5.35
6.71,7.25,12.66,9.01,4.85,7.35,8.40,9.26,8.33,7.63,6.90,5.41
6.85,7.25,12.50,9.01,4.88,7.46,8.47,9.17,8.40,7.58,7.09,5.38
6.90,7.30,12.50,9.01,4.93,7.52,8.47,9.09,8.40,7.52,7.30,7.63
6.94,7.41,12.35,9.01,5.05,7.52,8.47,9.09,8.40,7.46,7.63,7.94
6.94,7.63,12.35,9.01,5.18,7.52,8.47,9.01,8.40,7.46,7.87,8.40
6.90,7.81,12.20,9.01,5.21,7.52,8.47,9.01,8.33,7.46,8.20,8.62
6.99,7.94,12.20,9.01,5.26,7.46,8.47,8.93,8.26,7.46,8.40,8.77
7.14,8.06,12.05,8.93,5.29,7.46,8.47,8.93,8.20,7.35,8.62,8.77
7.30,8.26,12.05,8.93,5.29,7.41,8.47,8.85,8.06,7.30,8.77,8.70
7.41,8.33,12.05,8.93,5.29,7.35,8.47,8.77,8.00,7.25,8.85,13.51
7.52,8.40,11.90,8.93,5.29,7.30,8.40,8.77,7.94,7.14,8.93,13.51
7.63,8.47,11.90,8.85,5.29,7.25,8.40,8.62,8.00,7.04,8.85,13.33
7.75,8.55,11.90,8.85,5.32,7.14,8.40,8.55,8.06,7.04,8.85,13.16
7.87,8.55,11.76,8.85,5.38,6.99,8.33,8.47,15.62,6.94,8.77,13.16
7.94,8.55,11.76,8.77,5.43,6.85,8.33,8.47,15.38,6.90,8.62,13.16
7.94,8.40,11.63,8.77,5.49,6.76,8.33,8.40,15.38,6.85,8.47,13.16
8.00,8.33,11.49,8.77,5.52,6.71,8.26,8.40,15.15,6.85,8.40,12.99
8.06,8.26,11.36,8.70,5.52,6.62,8.20,8.33,15.15,6.80,8.33,12.99
8.06,8.26,11.36,8.70,5.52,6.54,8.20,8.33,14.93,6.76,8.33,12.99
8.13,8.26,11.24,8.62,5.56,6.49,8.13,8.26,14.71,6.71,8.26,12.82
8.26,8.26,11.11,8.62,5.65,6.45,8.06,8.26,14.49,6.67,8.26,12.66
8.40,8.33,10.99,8.55,5.85,6.41,8.00,8.20,14.49,6.58,8.20,12.66
8.55,8.40,10.99,8.55,5.99,6.41,7.94,8.13,14.29,6.49,8.20,12.66
8.77,8.40,10.87,8.55,6.06,6.37,7.87,8.06,14.29,6.41,8.13,12.50
8.93,8.47,10.87,8.47,6.21,6.37,7.87,8.00,14.08,6.37,8.06,12.50
9.01,8.55,10.75,8.47,6.29,6.37,7.81,7.94,13.89,6.29,7.94,12.35
9.09,8.62,10.64,8.47,6.33,6.33,7.81,7.94,13.70,6.21,7.87,12.35
9.17,8.77,10.53,8.47,6.33,6.29,7.75,7.94,13.51,6.13,7.81,12.05
9.17,8.77,10.42,8.47,6.29,6.29,4.48,7.87,13.33,6.10,7.75,12.05
9.26,8.77,10.31,8.55,6.25,6.21,4.46,7.87,13.33,6.02,7.63,11.90
9.26,8.77,10.31,8.55,6.17,6.10,4.42,7.87,13.16,5.95,7.41,11.90
9.35,8.85,10.20,8.70,6.02,5.99,4.46,7.81,12.99,5.88,7.30,11.90
9.43,8.85,10.10,8.93,5.92,5.88,4.50,7.81,12.82,5.78,7.19,11.90
9.43,8.85,10.10,9.17,5.85,5.41,4.55,7.81,12.66,5.68,7.04,11.90
9.52,8.77,9.90,9.26,5.85,5.26,4.61,7.75,12.50,5.59,6.90,11.90
9.52,8.77,9.80,9.43,5.88,5.35,4.76,7.75,12.35,5.49,6.85,11.90
9.62,8.62,9.71,9.52,5.99,5.56,4.90,7.75,4.98,5.29,6.76,11.90
9.71,8.55,9.62,9.71,6.06,5.65,5.08,7.69,5.05,5.08,6.71,11.90
9.80,8.40,9.52,9.80,6.10,5.81,5.24,7.69,5.18,5.13,6.62,11.90
10.00,8.33,9.52,9.80,6.13,5.92,5.41,7.63,5.29,5.41,6.54,11.90
10.20,8.33,9.43,9.80,6.17,5.95,5.59,7.63,5.41,5.78,6.49,11.76
10.31,8.26,9.35,9.80,6.21,5.99,5.71,7.63,5.46,6.29,6.45,11.76
10.31,8.26,9.17,9.71,6.21,5.99,5.92,7.58,5.41,6.67,6.41,11.76
10.31,8.20,9.09,9.71,6.21,5.99,6.02,7.58,5.32,6.85,6.37,11.76
5.71,8.13,16.67,9.71,6.17,6.02,6.13,7.58,5.38,6.99,6.33,11.63
5.95,8.06,16.13,9.71,6.17,6.13,6.21,7.52,5.52,7.04,6.33,11.63
6.10,8.00,15.62,9.62,6.25,6.29,6.25,7.52,5.62,7.04,6.29,11.49
6.33,7.94,15.15,9.62,6.37,6.37,6.25,7.52,5.81,6.94,6.29,11.36
6.45,7.87,14.71,9.62,6.49,6.45,6.21,7.52,6.33,6.90,6.25,5.68
6.67,7.81,14.29,9.71,6.71,6.49,6.10,7.52,6.85,6.85,6.29,6.10
6.80,7.81,13.89,9.71,6.85,6.58,6.10,7.46,7.25,6.80,8.33,6.37
6.85,7.81,13.70,9.80,6.99,6.71,6.10,7.35,7.52,6.71,8.33,6.45
6.94,7.75,13.51,9.90,7.09,6.80,6.13,7.14,7.75,6.54,8.20,6.54
6.99,7.75,13.33,10.00,7.25,6.85,6.13,6.41,7.81,6.41,8.06,6.67
6.99,0.00,13.16,10.20,7.35,6.90,6.10,6.21,7.87,6.33,7.94,6.85
7.04,0.00,12.82,10.20,7.46,6.94,6.06,6.13,7.87,6.29,7.81,7.04
7.14,0.00,12.66,10.20,7.58,6.94,6.02,6.13,7.87,6.25,7.63,7.30
7.19,0.00,12.50,10.20,7.81,6.99,5.99,6.13,7.87,6.25,7.46,7.58
7.25,0.00,12.35,10.20,8.00,6.94,5.99,6.17,7.87,6.13,7.35,7.87
7.35,0.00,12.35,10.10,8.26,6.94,5.95,6.21,7.87,6.06,7.35,8.06
7.52,0.00,12.35,10.10,8.47,6.90,5.92,6.33,7.94,5.99,7.30,8.20
7.69,0.00,12.20,10.00,8.62,6.85,5.85,6.41,8.00,5.92,7.30,8.40
7.63,0.00,12.05,9.90,8.70,6.80,5.75,6.37,8.06,5.85,7.30,8.55
7.52,0.00,12.05,9.90,8.77,6.76,5.68,6.25,8.20,5.75,7.30,8.70
7.41,0.00,11.90,9.90,8.85,6.67,5.62,6.17,8.33,5.68,7.30,8.77
7.69,0.00,11.76,9.80,8.93,6.58,5.56,6.10,8.33,5.62,7.30,8.77
8.00,0.00,11.76,9.80,9.01,6.49,5.49,6.06,8.40,5.59,7.35,8.77
8.26,0.00,11.63,9.80,9.09,6.45,5.41,6.06,8.40,5.56,7.41,8.62
8.47,0.00,11.63,10.00,9.09,6.37,5.29,6.06,8.33,5.52,7.58,8.47
8.77,0.00,11.49,10.00,9.17,6.37,5.24,6.10,8.33,5.46,8.26,8.20
9.01,0.00,11.49,10.10,9.17,6.33,5.15,6.17,8.26,5.38,8.26,7.87
9.26,0.00,11.49,10.10,9.17,6.29,3.52,6.29,8.20,5.13,8.13,7.69
9.52,0.00,11.36,10.10,9.17,6.25,3.55,6.41,8.06,4.61,7.94,7.52
9.62,0.00,11.24,10.10,9.17,6.13,3.65,6.54,7.94,4.95,7.81,7.41
9.71,0.00,11.24,10.10,9.17,6.06,4.78,6.67,7.87,5.32,7.69,5.26
9.80,0.00,11.11,10.00,9.17,5.99,4.74,6.76,7.75,5.62,7.58,5.46
9.80,0.00,10.99,10.00,9.09,5.92,4.65,6.80,7.69,5.85,7.46,5.62
9.90,0.00,10.99,9.90,9.09,5.85,4.63,6.85,7.52,5.95,7.35,5.68
9.90,0.00,10.87,9.80,9.09,5.75,4.59,6.85,7.41,5.99,7.19,5.68
9.90,0.00,10.87,9.71,9.09,5.68,4.57,6.85,4.76,6.02,7.04,5.68
9.80,0.00,10.75,9.71,9.09,5.62,4.52,6.85,5.05,5.99,6.94,5.65
9.71,0.00,10.64,9.62,9.09,5.59,4.48,6.85,5.38,5.95,6.90,5.65
9.62,0.00,10.53,9.62,9.17,5.56,4.44,6.85,5.68,5.92,6.80,5.81
9.52,0.00,10.42,9.52,9.17,5.56,4.39,6.85,6.02,5.81,6.71,6.10
9.43,0.00,10.31,9.52,9.17,5.59,4.35,6.85,6.37,5.75,6.58,6.49
9.43,0.00,10.20,9.43,9.17,5.59,4.31,6.80,6.76,5.65,6.49,6.99
9.35,0.00,10.20,9.43,9.17,5.59,4.27,6.80,7.09,5.59,6.41,7.58
9.26,0.00,10.20,9.43,9.17,5.62,4.24,6.80,7.41,5.52,6.33,8.13
9.35,0.00,10.10,9.43,9.17,5.62,4.22,6.80,7.75,5.52,6.29,8.55
9.90,0.00,10.10,9.35,9.17,5.59,4.18,6.80,8.00,5.56,6.17,9.01
10.99,0.00,10.00,9.35,9.17,5.56,4.15,6.85,8.33,5.62,6.06,9.35
10.99,0.00,9.90,9.35,9.09,5.56,0.00,6.90,8.55,5.71,5.99,9.52
11.11,0.00,9.90,9.35,9.09,5.52,0.00,6.94,8.85,5.88,4.39,9.62
11.11,0.00,9.80,9.26,9.09,5.52,0.00,7.04,8.93,5.99,4.50,9.62
11.24,0.00,9.80,9.26,9.01,5.52,0.00,7.25,8.85,6.10,4.57,9.52
11.36,0.00,9.80,9.26,9.01,5.49,0.00,7.81,8.77,6.21,4.61,9.43
6.02,0.00,9.71,9.26,9.01,5.46,0.00,8.06,8.55,6.33,4.67,9.43
6.37,0.00,9.71,9.26,8.93,5.43,0.00,8.06,8.47,6.37,4.81,9.35
12.05,0.00,9.62,9.26,8.93,5.43,0.00,8.06,8.33,6.45,4.88,9.26
12.05,0.00,9.62,9.26,8.93,5.43,0.00,8.00,8.26,6.54,4.93,9.17
11.90,0.00,9.52,9.26,8.85,5.49,0.00,8.00,8.20,6.67,4.98,9.01
11.90,0.00,9.52,9.26,8.85,5.62,0.00,7.94,8.00,6.76,5.13,8.85
6.37,0.00,9.52,0.00,8.77,0.00,0.00,7.94,0.00,6.85,0.00,8.77
6.94,0.00,9.52,0.00,8.70,0.00,0.00,7.94,0.00,6.90,0.00,8.70
7.52,0.00,9.52,0.00,8.70,0.00,0.00,7.87,0.00,6.94,0.00,8.62
8.13,0.00,9.52,0.00,8.62,0.00,0.00,7.87,0.00,6.94,0.00,8.55
8.62,0.00,9.52,0.00,8.62,0.00,0.00,7.87,0.00,6.94,0.00,8.55
8.93,0.00,9.52,0.00,8.55,0.00,0.00,7.81,0.00,6.94,0.00,8.47
9.01,0.00,9.52,0.00,8.55,0.00,0.00,7.81,0.00,6.90,0.00,8.47
9.09,0.00,9.52,0.00,8.55,0.00,0.00,7.75,0.00,6.85,0.00,8.40
9.17,0.00,9.52,0.00,8.47,0.00,0.00,7.75,0.00,6.85,0.00,8.40
9.26,0.00,9.52,0.00,8.47,0.00,0.00,7.69,0.00,6.80,0.00,8.40
9.35,0.00,9.52,0.00,8.47,0.00,0.00,7.69,0.00,6.80,0.00,8.33
9.35,0.00,9.43,0.00,8.40,0.00,0.00,7.63,0.00,6.85,0.00,8.26
9.43,0.00,9.43,0.00,8.40,0.00,0.00,7.63,0.00,6.85,0.00,8.26
9.35,0.00,9.43,0.00,8.33,0.00,0.00,7.58,0.00,6.94,0.00,8.13
9.26,0.00,9.43,0.00,8.33,0.00,0.00,7.58,0.00,6.99,0.00,8.06
9.17,0.00,9.43,0.00,8.26,0.00,0.00,7.52,0.00,7.09,0.00,8.06
9.09,0.00,9.52,0.00,8.26,0.00,0.00,7.52,0.00,7.09,0.00,8.00
9.01,0.00,9.52,0.00,8.26,0.00,0.00,7.52,0.00,7.09,0.00,12.35
8.93,0.00,9.62,0.00,8.20,0.00,0.00,7.46,0.00,7.04,0.00,12.35
8.85,0.00,9.62,0.00,8.20,0.00,0.00,7.46,0.00,6.94,0.00,12.35
8.85,0.00,9.71,0.00,8.06,0.00,0.00,7.46,0.00,6.90,0.00,12.50
8.85,0.00,9.80,0.00,8.00,0.00,0.00,7.46,0.00,6.80,0.00,12.50
9.01,0.00,9.90,0.00,8.00,0.00,0.00,7.41,0.00,6.76,0.00,12.50
9.09,0.00,10.00,0.00,7.94,0.00,0.00,7.41,0.00,6.71,0.00,12.50
